id,class
apple_pie/42_easy_apple_pie_hostedLargeUrl.jpg,apple_pie
apple_pie/49_raw_apple_pie_hostedLargeUrl.jpg,apple_pie
apple_pie/11_classic_apple_pie_hostedLargeUrl.jpg,apple_pie
apple_pie/24_apple_pie_hostedLargeUrl.jpg,apple_pie
apple_pie/10_apple_pie_hostedLargeUrl.jpg,apple_pie
apple_pie/22_simple_apple_pie_hostedLargeUrl.jpg,apple_pie
croque_madame/16_croque_madame_muffins_hostedLargeUrl.jpg,croque_madame
croque_madame/21_croque-madame_hostedLargeUrl.jpg,croque_madame
croque_madame/18_croque_madame_hostedLargeUrl.jpg,croque_madame
croque_madame/32_croque_madame_muffins_hostedLargeUrl.jpg,croque_madame
croque_madame/43_croque_madame_crepes_hostedLargeUrl.jpg,croque_madame
croque_madame/24_miso_croque_madame_hostedLargeUrl.jpg,croque_madame
paella/5_paella!_hostedLargeUrl.jpg,paella
paella/7_paella_hostedLargeUrl.jpg,paella
paella/45_quinoa___shrimp_paella_hostedLargeUrl.jpg,paella
paella/42_paella_hostedLargeUrl.jpg,paella
paella/18_weeknight_paella_hostedLargeUrl.jpg,paella
paella/34_chicken_and_chorizo_paella_hostedLargeUrl.jpg,paella
gyoza/33_baked_pizza_gyoza_hostedLargeUrl.jpg,gyoza
gyoza/42_gyoza_recipe_(japanese_pan-fried_dumplings)_hostedLargeUrl.jpg,gyoza
gyoza/10_pork_and_shiitake_gyoza_hostedLargeUrl.jpg,gyoza
gyoza/0_gyoza_hostedLargeUrl.jpg,gyoza
gyoza/26_classic_pork_gyoza_from__japanese_soul_cooking__hostedLargeUrl.jpg,gyoza
gyoza/11_gyoza_-_japanese_potstickers_hostedLargeUrl.jpg,gyoza
crab_cakes/6_crab_cakes_hostedLargeUrl.jpg,crab_cakes
crab_cakes/2_crab_cakes_hostedLargeUrl.jpg,crab_cakes
crab_cakes/21_easy_no-filler_crab_cakes_hostedLargeUrl.jpg,crab_cakes
crab_cakes/41_pan_fried_crab_cakes_hostedLargeUrl.jpg,crab_cakes
crab_cakes/7_sinful_bayou_crab_cakes_hostedLargeUrl.jpg,crab_cakes
crab_cakes/26_quick_crab_cakes_with_remoulade_hostedLargeUrl.jpg,crab_cakes
crab_cakes/38_quick_crab_cakes_hostedLargeUrl.jpg,crab_cakes
carrot_cake/42_carrot_cake_hostedLargeUrl.jpg,carrot_cake
carrot_cake/14_sam_s_famous_carrot_cake_hostedLargeUrl.jpg,carrot_cake
carrot_cake/3_moist_carrot_cake_hostedLargeUrl.jpg,carrot_cake
carrot_cake/18_classic_carrot_cake_hostedLargeUrl.jpg,carrot_cake
carrot_cake/47_marsha_s_outrageous_carrot_cake_hostedLargeUrl.jpg,carrot_cake
carrot_cake/48_deliciously_moist_carrot_cake_hostedLargeUrl.jpg,carrot_cake
carrot_cake/22_carrot_cake_hostedLargeUrl.jpg,carrot_cake
chicken_curry/33_cape_malay_chicken_curry_hostedLargeUrl.jpg,chicken_curry
chicken_curry/9_authentic_thai_chicken_curry_hostedLargeUrl.jpg,chicken_curry
chicken_curry/35_crockpot_chicken_curry_with_patak_s_sauce_hostedLargeUrl.jpg,chicken_curry
chicken_curry/39_pumpkin_chicken_curry_hostedLargeUrl.jpg,chicken_curry
chicken_curry/36_chicken_curry_with_potatoes_hostedLargeUrl.jpg,chicken_curry
chicken_curry/25_chicken_curry_hostedLargeUrl.jpg,chicken_curry
"chicken_curry/16_chicken_curry_with_bananas,_raisins,_and_peanuts_hostedLargeUrl.jpg",chicken_curry
steak/11_balsamic_steak_hostedLargeUrl.jpg,steak
steak/17_rosemary_steak_hostedLargeUrl.jpg,steak
steak/2_easy_grilled_skirt_steak_hostedLargeUrl.jpg,steak
steak/23_salmon_steak_hostedLargeUrl.jpg,steak
steak/15_the_perfect_steak_hostedLargeUrl.jpg,steak
steak/39_florentine_steak_hostedLargeUrl.jpg,steak
steak/29_the_perfect_steak_hostedLargeUrl.jpg,steak
cannoli/40_cannoli_cheeseball_hostedLargeUrl.jpg,cannoli
cannoli/42_banana_split_cannoli_hostedLargeUrl.jpg,cannoli
cannoli/16_christmas_cannolis_hostedLargeUrl.jpg,cannoli
cannoli/37_cannoli_dip_hostedLargeUrl.jpg,cannoli
cannoli/11_cannoli_filling_hostedLargeUrl.jpg,cannoli
cannoli/26_cannoli_tart_hostedLargeUrl.jpg,cannoli
ceviche/47_tilapia_ceviche_hostedLargeUrl.jpg,ceviche
ceviche/0_ceviche_hostedLargeUrl.jpg,ceviche
ceviche/24_mushroom_ceviche_hostedLargeUrl.jpg,ceviche
ceviche/40_peruvian_tilapia_ceviche_hostedLargeUrl.jpg,ceviche
ceviche/42_ceviche_hostedLargeUrl.jpg,ceviche
ceviche/10_landlocked_ceviche_hostedLargeUrl.jpg,ceviche
shrimp_and_grits/1_duck_camp_shrimp___grits_hostedLargeUrl.jpg,shrimp_and_grits
shrimp_and_grits/13_shrimp_and_grits_hostedLargeUrl.jpg,shrimp_and_grits
shrimp_and_grits/3_shrimp___grits_hostedLargeUrl.jpg,shrimp_and_grits
shrimp_and_grits/37_shrimp_and_grits_with_bacon_hostedLargeUrl.jpg,shrimp_and_grits
shrimp_and_grits/49_shrimp_and_grits_hostedLargeUrl.jpg,shrimp_and_grits
shrimp_and_grits/21_shrimp___grits_hostedLargeUrl.jpg,shrimp_and_grits
shrimp_and_grits/14_shrimp_and_grits_hostedLargeUrl.jpg,shrimp_and_grits
hummus/44_classic_hummus_hostedLargeUrl.jpg,hummus
hummus/4_the_best_hummus!_hostedLargeUrl.jpg,hummus
hummus/3_green_hummus_hostedLargeUrl.jpg,hummus
hummus/36_hummus_pinwheels_hostedLargeUrl.jpg,hummus
hummus/45_hummus_hostedLargeUrl.jpg,hummus
hummus/35_southwestern_hummus_hostedLargeUrl.jpg,hummus
hummus/7_hummus_hostedLargeUrl.jpg,hummus
hot_and_sour_soup/23_hot_and_sour_soup_with_pork_hostedLargeUrl.jpg,hot_and_sour_soup
hot_and_sour_soup/16_hot_and_sour_soup_hostedLargeUrl.jpg,hot_and_sour_soup
hot_and_sour_soup/34_vegan_hot_and_sour_soup_with_bok_choy_hostedLargeUrl.jpg,hot_and_sour_soup
hot_and_sour_soup/7_end_of_winter_hot_and_sour_soup_hostedLargeUrl.jpg,hot_and_sour_soup
hot_and_sour_soup/25_bbq_pork_hot_and_sour_soup_hostedLargeUrl.jpg,hot_and_sour_soup
hot_and_sour_soup/36_chinese_spicy_hot_and_sour_soup_hostedLargeUrl.jpg,hot_and_sour_soup
hot_and_sour_soup/17_hot_and_sour_soup_hostedLargeUrl.jpg,hot_and_sour_soup
nachos/31_over-the-top_loaded_potato_nachos_hostedLargeUrl.jpg,nachos
nachos/10_loaded_buffalo_chicken_nachos_hostedLargeUrl.jpg,nachos
nachos/36_macho_nachos_hostedLargeUrl.jpg,nachos
nachos/30_hearty_nachos_hostedLargeUrl.jpg,nachos
nachos/48_kalua_pork_nachos_hostedLargeUrl.jpg,nachos
nachos/34_fajita_nachos_hostedLargeUrl.jpg,nachos
nachos/28_perfect_microwave_nachos_hostedLargeUrl.jpg,nachos
creme_brulee/41_snickerdoodle_creme_brulee_hostedLargeUrl.jpg,creme_brulee
creme_brulee/8_caramel_creme_brulee_hostedLargeUrl.jpg,creme_brulee
creme_brulee/34_cookie_butter_creme_brulee_hostedLargeUrl.jpg,creme_brulee
creme_brulee/12_snickerdoodle_creme_brulee_hostedLargeUrl.jpg,creme_brulee
creme_brulee/49_caramelized_honey_creme_brulee_hostedLargeUrl.jpg,creme_brulee
creme_brulee/39_creme_brulee_with_lavender_flowers_hostedLargeUrl.jpg,creme_brulee
creme_brulee/28_meyer_lemon_creme_brulee_hostedLargeUrl.jpg,creme_brulee
hamburger/32_crock_pot_mexican_hamburgers_hostedLargeUrl.jpg,hamburger
hamburger/26_venison_garlic_bacon_hamburger_hostedLargeUrl.jpg,hamburger
hamburger/7_korean_hamburgers_hostedLargeUrl.jpg,hamburger
hamburger/6_stuffed_hamburger_hostedLargeUrl.jpg,hamburger
hamburger/48_hamburger_hostedLargeUrl.jpg,hamburger
hamburger/2_classic_hamburger_hostedLargeUrl.jpg,hamburger
beef_tartare/21_tater_tot_casserole_hostedLargeUrl.jpg,beef_tartare
beef_tartare/29_deep_dish_soul_bread_pizza_hostedLargeUrl.jpg,beef_tartare
beef_tartare/31_steak_tartare_hostedLargeUrl.jpg,beef_tartare
beef_tartare/35_keto_grain-free_soft_tortilla_tacos_hostedLargeUrl.jpg,beef_tartare
beef_tartare/10_steak_tartar_hostedLargeUrl.jpg,beef_tartare
fish_and_chips/42_fish_and_chips_with_wheat_beer_hostedLargeUrl.jpg,fish_and_chips
fish_and_chips/21_fish_and_chips_hostedLargeUrl.jpg,fish_and_chips
fish_and_chips/18_baked_fish_and_chips_with_lemon_smashed_peas_hostedLargeUrl.jpg,fish_and_chips
fish_and_chips/33_pub_style_beer_battered_fish___chips_hostedLargeUrl.jpg,fish_and_chips
fish_and_chips/43_the_crispiest_fish___chips_ever!_hostedLargeUrl.jpg,fish_and_chips
fish_and_chips/2_fish___chips_hostedLargeUrl.jpg,fish_and_chips
fish_and_chips/39_beer-battered_fish___chips_with_homemade_tartar_sauce_and_hushpuppies_hostedLargeUrl.jpg,fish_and_chips
falafel/29_falafel_hostedLargeUrl.jpg,falafel
falafel/19_falafel_hostedLargeUrl.jpg,falafel
falafel/39_falafel_hostedLargeUrl.jpg,falafel
falafel/31_baked_falafel_hostedLargeUrl.jpg,falafel
falafel/9_falafel_hostedLargeUrl.jpg,falafel
falafel/17_easy_homemade_falafel_hostedLargeUrl.jpg,falafel
falafel/24_baked_falafel_hostedLargeUrl.jpg,falafel
beet_salad/12_cathys_bodacious_beet_salad_hostedLargeUrl.jpg,beet_salad
beet_salad/3_beet_and_goat_cheese_salad_hostedLargeUrl.jpg,beet_salad
beet_salad/13_red_beet_salad_hostedLargeUrl.jpg,beet_salad
beet_salad/41_beet_and_goat_cheese_salad_hostedLargeUrl.jpg,beet_salad
"beet_salad/49_roasted_beet_salad_with_oranges,_goat_cheese_and_candied_walnuts_hostedLargeUrl.jpg",beet_salad
beet_salad/32_golden_beet_salad_hostedLargeUrl.jpg,beet_salad
"beet_salad/40_roasted_beet_salad_with_walnuts,_goat_cheese___honey-dijon_vinaigrette_hostedLargeUrl.jpg",beet_salad
samosa/24_samosa_hostedLargeUrl.jpg,samosa
samosa/45_meat_samosa_hostedLargeUrl.jpg,samosa
samosa/1_samosas_hostedLargeUrl.jpg,samosa
samosa/40_chicken_samosas_hostedLargeUrl.jpg,samosa
samosa/34_samosa_hostedLargeUrl.jpg,samosa
samosa/25_potato_and_pea_samosas_with_cucumber_raita_hostedLargeUrl.jpg,samosa
samosa/18_samosas_(the_traditional_way_+_the_easy_way)_hostedLargeUrl.jpg,samosa
eggs_benedict/5_classic_eggs_benedict_hostedLargeUrl.jpg,eggs_benedict
eggs_benedict/13_cajun_eggs_benedict_hostedLargeUrl.jpg,eggs_benedict
eggs_benedict/35_eggs_benedict_strata_hostedLargeUrl.jpg,eggs_benedict
eggs_benedict/15_cajun_eggs_benedict_hostedLargeUrl.jpg,eggs_benedict
eggs_benedict/46_eggs_benedict_hostedLargeUrl.jpg,eggs_benedict
eggs_benedict/37_eggs_benedict_hostedLargeUrl.jpg,eggs_benedict
beef_carpaccio/20_filet_mignon_carpaccio_with_mini_caesar_salad_and_poached_egg_hostedLargeUrl.jpg,beef_carpaccio
beef_carpaccio/4_beef_carpaccio_hostedLargeUrl.jpg,beef_carpaccio
beef_carpaccio/26_bibimbap_hostedLargeUrl.jpg,beef_carpaccio
pork_chop/41_bacon_jam_pork_chops_hostedLargeUrl.jpg,pork_chop
pork_chop/39_dijon_parmesan_pork_chops_hostedLargeUrl.jpg,pork_chop
pork_chop/43_forgotten_pork_chops_hostedLargeUrl.jpg,pork_chop
pork_chop/18_country_style_baked_pork_chops_hostedLargeUrl.jpg,pork_chop
pork_chop/35_sheet_pan_pecan_crusted_pork_chops_with_balsamic_veggies_hostedLargeUrl.jpg,pork_chop
pork_chop/4_original_ranch_pork_chops_hostedLargeUrl.jpg,pork_chop
pork_chop/21_honey_pineapple_pork_chops_hostedLargeUrl.jpg,pork_chop
escargots/16_basil_risotto_with_escargot_hostedLargeUrl.jpg,escargots
escargots/10_escargots_with_shallot_mousse_and_parsley_coulis_hostedLargeUrl.jpg,escargots
escargots/6_escargot_recipe_for_vegetarians_and_vegans_hostedLargeUrl.jpg,escargots
churros/2_churros_hostedLargeUrl.jpg,churros
churros/21_bisquick_churros_hostedLargeUrl.jpg,churros
churros/40_pumpkin_churros_hostedLargeUrl.jpg,churros
churros/30_churros_hostedLargeUrl.jpg,churros
churros/0_churros_hostedLargeUrl.jpg,churros
churros/47_oreo_churros_hostedLargeUrl.jpg,churros
miso_soup/7_classic_miso_soup_hostedLargeUrl.jpg,miso_soup
miso_soup/32_15-minute_miso_soup_with_greens_and_tofu_hostedLargeUrl.jpg,miso_soup
miso_soup/24_basic_miso_soup_hostedLargeUrl.jpg,miso_soup
miso_soup/41_asari_miso_soup_hostedLargeUrl.jpg,miso_soup
miso_soup/2_miso_soup_hostedLargeUrl.jpg,miso_soup
miso_soup/4_miso_soup_hostedLargeUrl.jpg,miso_soup
miso_soup/38_tonjiru_japanese_pork_and_vegetable_miso_soup_hostedLargeUrl.jpg,miso_soup
cheese_plate/22_asiago_gougeres_(cheese_puffs)_hostedLargeUrl.jpg,cheese_plate
cheese_plate/33_easy_asiago_cheese_bread_hostedLargeUrl.jpg,cheese_plate
cheese_plate/41_sausage_kale_mushroom_egg_bake_with_smoked_gruyere_cheese_hostedLargeUrl.jpg,cheese_plate
cheese_plate/25_keto_sausage_and_egg_breakfast_sandwich_hostedLargeUrl.jpg,cheese_plate
cheese_plate/2_patra_cheese_plate_hostedLargeUrl.jpg,cheese_plate
"cheese_plate/20_grilled_cheese_sandwich,_bama_style!_hostedLargeUrl.jpg",cheese_plate
huevos_rancheros/47_huevos_rancheros_hostedLargeUrl.jpg,huevos_rancheros
huevos_rancheros/34_huevos_rancheros_hostedLargeUrl.jpg,huevos_rancheros
huevos_rancheros/17_huevos_rancheros_hostedLargeUrl.jpg,huevos_rancheros
huevos_rancheros/48_loaded_huevos_rancheros_tacos_hostedLargeUrl.jpg,huevos_rancheros
huevos_rancheros/8_huevos_rancheros_hostedLargeUrl.jpg,huevos_rancheros
huevos_rancheros/27_huevos_rancheros_hostedLargeUrl.jpg,huevos_rancheros
chicken_wings/3_5_ingredient_chicken_wings_hostedLargeUrl.jpg,chicken_wings
chicken_wings/39_honey_sriracha_chicken_wings_hostedLargeUrl.jpg,chicken_wings
chicken_wings/40_herbed_grilled_chicken_wings_hostedLargeUrl.jpg,chicken_wings
chicken_wings/2_baked_gochujang_chicken_wings_hostedLargeUrl.jpg,chicken_wings
chicken_wings/42_the_best_butter_and_garlic_chicken_wings_hostedLargeUrl.jpg,chicken_wings
chicken_wings/46_grill_master_chicken_wings_hostedLargeUrl.jpg,chicken_wings
mussels/19_peruvian_style_mussels_hostedLargeUrl.jpg,mussels
mussels/32_mussels_fra_diavalo_hostedLargeUrl.jpg,mussels
mussels/7_mussels_in_white_wine_sauce_hostedLargeUrl.jpg,mussels
mussels/36_mussel_bisque_hostedLargeUrl.jpg,mussels
mussels/1_mussels_in_white_wine_hostedLargeUrl.jpg,mussels
mussels/29_thai_curry_mussels_hostedLargeUrl.jpg,mussels
chocolate_cake/42_best_chocolate_cake_hostedLargeUrl.jpg,chocolate_cake
chocolate_cake/33_nana_s_simple_chocolate_cake_hostedLargeUrl.jpg,chocolate_cake
chocolate_cake/22_german_chocolate_cake_hostedLargeUrl.jpg,chocolate_cake
chocolate_cake/8_chocolate_cake_hostedLargeUrl.jpg,chocolate_cake
chocolate_cake/40_best_ever_chocolate_cake_hostedLargeUrl.jpg,chocolate_cake
chocolate_cake/9_flourless_double_chocolate_jaffa_cakes_hostedLargeUrl.jpg,chocolate_cake
"chocolate_cake/37_simple,_moist_chocolate_cake_hostedLargeUrl.jpg",chocolate_cake
fried_calamari/18_fried_calamari_hostedLargeUrl.jpg,fried_calamari
fried_calamari/21_dry_fried_calamari_hostedLargeUrl.jpg,fried_calamari
fried_calamari/23_crispy_fried_calamari_hostedLargeUrl.jpg,fried_calamari
fried_calamari/26_easy_thai_fried_squid_(calamari)!_hostedLargeUrl.jpg,fried_calamari
beignets/12_beignets_hostedLargeUrl.jpg,beignets
beignets/22_beignets_hostedLargeUrl.jpg,beignets
beignets/14_cafe_du_monde_beignets_hostedLargeUrl.jpg,beignets
beignets/4_beignets_hostedLargeUrl.jpg,beignets
beignets/10_beignets_hostedLargeUrl.jpg,beignets
beignets/3_beignets_hostedLargeUrl.jpg,beignets
french_fries/42_the_best_french_fries_ever...really!_hostedLargeUrl.jpg,french_fries
french_fries/18_best_ever_homemade_french_fries_hostedLargeUrl.jpg,french_fries
french_fries/41_baked_seasoned_french_fries_hostedLargeUrl.jpg,french_fries
french_fries/8_baked_french_fries_with_curried_ketchup_hostedLargeUrl.jpg,french_fries
french_fries/13_crispy_baked_french_fries_hostedLargeUrl.jpg,french_fries
french_fries/0_baked_french_fries_with_curried_ketchup_hostedLargeUrl.jpg,french_fries
macaroni_and_cheese/5_baked_macaroni___cheese_hostedLargeUrl.jpg,macaroni_and_cheese
macaroni_and_cheese/17_macaroni___cheese_dinner_fiesta_hostedLargeUrl.jpg,macaroni_and_cheese
macaroni_and_cheese/8_creamy_three_cheese_stovetop_macaroni_and_cheese_hostedLargeUrl.jpg,macaroni_and_cheese
macaroni_and_cheese/39_mozzarella_macaroni_and_cheese_hostedLargeUrl.jpg,macaroni_and_cheese
macaroni_and_cheese/37_creamy_macaroni_and_cheese_hostedLargeUrl.jpg,macaroni_and_cheese
macaroni_and_cheese/21_macaroni___cheese_hostedLargeUrl.jpg,macaroni_and_cheese
macaroni_and_cheese/24_classic_macaroni_and_cheese_hostedLargeUrl.jpg,macaroni_and_cheese
onion_rings/40_baked_onion_rings_hostedLargeUrl.jpg,onion_rings
onion_rings/44_baked_onion_rings_with_kettle_chips_hostedLargeUrl.jpg,onion_rings
onion_rings/39_old_fashioned_onion_rings_hostedLargeUrl.jpg,onion_rings
onion_rings/0_einkorn_onion_rings_hostedLargeUrl.jpg,onion_rings
onion_rings/17_baked_bbq_onion_rings_hostedLargeUrl.jpg,onion_rings
onion_rings/41_bacon_wrapped_onion_rings_hostedLargeUrl.jpg,onion_rings
strawberry_shortcake/31_strawberry_shortcakes_hostedLargeUrl.jpg,strawberry_shortcake
strawberry_shortcake/16_strawberry_shortcake_hostedLargeUrl.jpg,strawberry_shortcake
strawberry_shortcake/32_strawberry_shortcake_muffins_hostedLargeUrl.jpg,strawberry_shortcake
strawberry_shortcake/6_layered_strawberry_shortcake_hostedLargeUrl.jpg,strawberry_shortcake
strawberry_shortcake/23_classic_strawberry_shortcake_hostedLargeUrl.jpg,strawberry_shortcake
strawberry_shortcake/44_strawberry_shortcake_hostedLargeUrl.jpg,strawberry_shortcake
strawberry_shortcake/33_strawberry_shortcake_popsicles_hostedLargeUrl.jpg,strawberry_shortcake
beef_tacos/47_crock_pot_shredded_beef_tacos_hostedLargeUrl.jpg,beef_tacos
beef_tacos/19_ground_beef___chorizo_tacos_hostedLargeUrl.jpg,beef_tacos
beef_tacos/40_beef_taco_soup_hostedLargeUrl.jpg,beef_tacos
beef_tacos/28_beef_picadillo_puffy_tacos_hostedLargeUrl.jpg,beef_tacos
beef_tacos/37_cheesy_beef_taco_lasagna_hostedLargeUrl.jpg,beef_tacos
beef_tacos/1_beef_puffy_tacos_hostedLargeUrl.jpg,beef_tacos
oysters/1_grilled_oysters_hostedLargeUrl.jpg,oysters
oysters/29_oysters_kilpatrick_hostedLargeUrl.jpg,oysters
oysters/9_grilled_oysters_hostedLargeUrl.jpg,oysters
oysters/26_barbecued_oysters_hostedLargeUrl.jpg,oysters
oysters/19_grilled_oysters_hostedLargeUrl.jpg,oysters
oysters/17_oysters_mignonette_hostedLargeUrl.jpg,oysters
red_velvet_cake/32_red_velvet_cake_with_raspberries_and_blueberries_hostedLargeUrl.jpg,red_velvet_cake
red_velvet_cake/26_red_velvet_dream_cake_hostedLargeUrl.jpg,red_velvet_cake
red_velvet_cake/19_red_velvet_cake_hostedLargeUrl.jpg,red_velvet_cake
red_velvet_cake/34_red_velvet_cake_hostedLargeUrl.jpg,red_velvet_cake
red_velvet_cake/23_red_velvet_cake_hostedLargeUrl.jpg,red_velvet_cake
red_velvet_cake/5_red_velvet_cake_hostedLargeUrl.jpg,red_velvet_cake
red_velvet_cake/0_red_velvet_cake_hostedLargeUrl.jpg,red_velvet_cake
grilled_salmon/28_balsamic_and_rosemary_grilled_salmon_hostedLargeUrl.jpg,grilled_salmon
grilled_salmon/8_herb-encrusted_grilled_salmon_hostedLargeUrl.jpg,grilled_salmon
grilled_salmon/33_grilled_salmon_with_pineapple_salsa_hostedLargeUrl.jpg,grilled_salmon
grilled_salmon/17_grilled_salmon_hostedLargeUrl.jpg,grilled_salmon
grilled_salmon/29_grilled_salmon_with_lemon_and_dill_hostedLargeUrl.jpg,grilled_salmon
grilled_salmon/36_grilled_brazilian_rub_salmon_hostedLargeUrl.jpg,grilled_salmon
guacamole/19_guacamole_hostedLargeUrl.jpg,guacamole
guacamole/46_guacamole_hostedLargeUrl.jpg,guacamole
guacamole/12_guacamole_hostedLargeUrl.jpg,guacamole
guacamole/41_guacamole_hostedLargeUrl.jpg,guacamole
guacamole/16_guacamole_hostedLargeUrl.jpg,guacamole
guacamole/23_guacamole_hostedLargeUrl.jpg,guacamole
guacamole/24_guacamole_hostedLargeUrl.jpg,guacamole
clam_chowder/16_clam_chowder_hostedLargeUrl.jpg,clam_chowder
clam_chowder/46_maine_clam_chowder_hostedLargeUrl.jpg,clam_chowder
clam_chowder/2_clam_chowder_hostedLargeUrl.jpg,clam_chowder
clam_chowder/39_easy_weeknight_clam_chowder_hostedLargeUrl.jpg,clam_chowder
clam_chowder/33_original_new_england_clam_chowder_hostedLargeUrl.jpg,clam_chowder
clam_chowder/6_classic_new_england_clam_chowder_hostedLargeUrl.jpg,clam_chowder
clam_chowder/27_new_england_clam_chowder_hostedLargeUrl.jpg,clam_chowder
foie_gras/30_seared_foie_gras_with_ginger_cream_hostedLargeUrl.jpg,foie_gras
foie_gras/38_foie_gras_toasts_with_greens_and_verjus_port_glaze_hostedLargeUrl.jpg,foie_gras
foie_gras/35_apple_and_foie_gras_tarte_tatin_hostedLargeUrl.jpg,foie_gras
foie_gras/32_hudson_valley_foie_gras_and_roasted_corn_soup_hostedLargeUrl.jpg,foie_gras
"foie_gras/18_foie_gras,_gingerbread,_floc_de_gascogne_syrup_checkerboard_hostedLargeUrl.jpg",foie_gras
foie_gras/25_foie_gras_with_latkes_and_apple_compote_hostedLargeUrl.jpg,foie_gras
foie_gras/47_roasted_loin_of_veal_with_foie_gras_and_cherry-red_grape_sauce_hostedLargeUrl.jpg,foie_gras
frozen_yogurt/31_blackberry_frozen_yogurt_hostedLargeUrl.jpg,frozen_yogurt
frozen_yogurt/32_maple_banana_frozen_yogurt_hostedLargeUrl.jpg,frozen_yogurt
frozen_yogurt/8_blueberry_frozen_yogurt_hostedLargeUrl.jpg,frozen_yogurt
frozen_yogurt/26_4_ingredient_vanilla_frozen_yogurt_hostedLargeUrl.jpg,frozen_yogurt
frozen_yogurt/25_strawberry_frozen_yogurt_hostedLargeUrl.jpg,frozen_yogurt
frozen_yogurt/15_chocolate_frozen_yogurt_hostedLargeUrl.jpg,frozen_yogurt
deviled_eggs/32_classic_deviled_eggs_hostedLargeUrl.jpg,deviled_eggs
deviled_eggs/25_southern_deviled_eggs_hostedLargeUrl.jpg,deviled_eggs
deviled_eggs/12_classic_deviled_eggs_hostedLargeUrl.jpg,deviled_eggs
deviled_eggs/21_deviled_eggs_hostedLargeUrl.jpg,deviled_eggs
deviled_eggs/3_deviled_eggs_hostedLargeUrl.jpg,deviled_eggs
deviled_eggs/27_the_very_best_deviled_eggs_hostedLargeUrl.jpg,deviled_eggs
cheesecake/1_cheesecake_hostedLargeUrl.jpg,cheesecake
cheesecake/0_simple_cheesecake_hostedLargeUrl.jpg,cheesecake
cheesecake/46_oreo_cheesecake_hostedLargeUrl.jpg,cheesecake
cheesecake/17_chocolate_cheesecake_hostedLargeUrl.jpg,cheesecake
cheesecake/41_the_best_creamy_cheesecake_hostedLargeUrl.jpg,cheesecake
cheesecake/10_foolproof_cheesecake_hostedLargeUrl.jpg,cheesecake
cheesecake/48_brownie_cheesecake_hostedLargeUrl.jpg,cheesecake
spaghetti_bolognese/2_slow_cooker_spaghetti_bolognese_hostedLargeUrl.jpg,spaghetti_bolognese
spaghetti_bolognese/30_spaghetti_with_lentil_bolognese_hostedLargeUrl.jpg,spaghetti_bolognese
spaghetti_bolognese/45_chinese_spaghetti_bolognese_hostedLargeUrl.jpg,spaghetti_bolognese
spaghetti_bolognese/32_spaghetti_bolognese_hostedLargeUrl.jpg,spaghetti_bolognese
spaghetti_bolognese/6_spaghetti_bolognese_hostedLargeUrl.jpg,spaghetti_bolognese
spaghetti_bolognese/27_spaghetti_a_la_bolognese_hostedLargeUrl.jpg,spaghetti_bolognese
lasagna/28_world_s_best_lasagna_hostedLargeUrl.jpg,lasagna
lasagna/13_lasagna_hostedLargeUrl.jpg,lasagna
lasagna/21_lasagna_hostedLargeUrl.jpg,lasagna
lasagna/47_lasagna_hostedLargeUrl.jpg,lasagna
lasagna/44_classic_lasagna_hostedLargeUrl.jpg,lasagna
lasagna/23_lasagna_hostedLargeUrl.jpg,lasagna
lasagna/42_simple_lasagna_hostedLargeUrl.jpg,lasagna
club_sandwich/44_california_club_sandwiches_hostedLargeUrl.jpg,club_sandwich
club_sandwich/45_chic_club_sandwich_with_smoked_salmon_and_avocado_hostedLargeUrl.jpg,club_sandwich
club_sandwich/40_chef_rudolph_s_club_sandwich_hostedLargeUrl.jpg,club_sandwich
club_sandwich/15_classic_club_sandwich_hostedLargeUrl.jpg,club_sandwich
club_sandwich/37_turkey_club_sandwich_hostedLargeUrl.jpg,club_sandwich
club_sandwich/11_club_sandwich_with_creamy_chipotle_spread_hostedLargeUrl.jpg,club_sandwich
club_sandwich/38_bacon_jam_chicken_club_sandwich_with_avocado_and_chipotle_mayo_hostedLargeUrl.jpg,club_sandwich
pad_thai/33_a_quest_for_perfect_pad_thai_hostedLargeUrl.jpg,pad_thai
pad_thai/34_chicken_pad_thai_hostedLargeUrl.jpg,pad_thai
pad_thai/12_pad_thai_hostedLargeUrl.jpg,pad_thai
pad_thai/14_super_easy_pad_thai_hostedLargeUrl.jpg,pad_thai
pad_thai/21_pad_thai_hostedLargeUrl.jpg,pad_thai
pad_thai/43_spaghetti_squash_pad_thai_hostedLargeUrl.jpg,pad_thai
cupcakes/34_butterbeer_cupcakes_hostedLargeUrl.jpg,cupcakes
cupcakes/24_chocolate_cupcakes_with_chocolate_buttercream_frosting_hostedLargeUrl.jpg,cupcakes
cupcakes/17_white_cupcakes_hostedLargeUrl.jpg,cupcakes
cupcakes/3_favorite_vanilla_cupcakes_hostedLargeUrl.jpg,cupcakes
cupcakes/32_easy_vanilla_green_tea_cupcakes_from_a_box_hostedLargeUrl.jpg,cupcakes
cupcakes/27_baileys___coffee_cupcakes_hostedLargeUrl.jpg,cupcakes
cupcakes/1_rolo_cupcakes_hostedLargeUrl.jpg,cupcakes
"peking_duck/33_roast_duck_shooter_s-style_sandwich_with_pickled_carrots,_daikon,_cucumber,_and_hoisin_sauce_hostedLargeUrl.jpg",peking_duck
peking_duck/32_creamy_peppercorn_duck_rillette_hostedLargeUrl.jpg,peking_duck
peking_duck/7_peking_duck_breast_with_clementine___spices_hostedLargeUrl.jpg,peking_duck
peking_duck/8_pancakes_with_crispy_peking_duck_hostedLargeUrl.jpg,peking_duck
macarons/2_basic_macarons_hostedLargeUrl.jpg,macarons
macarons/32_snickers_macaron_hostedLargeUrl.jpg,macarons
macarons/13_tiramisu_macarons_hostedLargeUrl.jpg,macarons
macarons/9_matcha_raspberry_french_macarons_hostedLargeUrl.jpg,macarons
macarons/41_fruity_pebbles_macarons_hostedLargeUrl.jpg,macarons
macarons/49_kir_royale_macarons_hostedLargeUrl.jpg,macarons
macarons/17_raspberry_chocolate_french_macarons_hostedLargeUrl.jpg,macarons
sashimi/31_grilled_tuna_over_arugula_with_lemon_vinaigrette_hostedLargeUrl.jpg,sashimi
sashimi/48_easy_tuna_bowl_(tekkadon)_hostedLargeUrl.jpg,sashimi
sashimi/28_ahi_poke_hostedLargeUrl.jpg,sashimi
sashimi/2_salmon_sashimi_rice_bowl_hostedLargeUrl.jpg,sashimi
sashimi/23_sushi_rice___spicy_tuna_for_sushi_hostedLargeUrl.jpg,sashimi
sashimi/13_salmon_sashimi_bowl_with_avocado_hostedLargeUrl.jpg,sashimi
tiramisu/27_tiramisu_hostedLargeUrl.jpg,tiramisu
tiramisu/38_classic_tiramisu_hostedLargeUrl.jpg,tiramisu
tiramisu/44_strawberry_tiramisu_hostedLargeUrl.jpg,tiramisu
tiramisu/2_tiramisu_hostedLargeUrl.jpg,tiramisu
tiramisu/23_tiramisu_hostedLargeUrl.jpg,tiramisu
tiramisu/11_tiramisu_hostedLargeUrl.jpg,tiramisu
scallops/10_grilled_scallops_hostedLargeUrl.jpg,scallops
scallops/12_scallops_with_asparagus_hostedLargeUrl.jpg,scallops
scallops/44_cajun_scallops_hostedLargeUrl.jpg,scallops
scallops/32_seared_white_wine_scallops_hostedLargeUrl.jpg,scallops
scallops/34_seared_scallops_with_lemon_and_dill_hostedLargeUrl.jpg,scallops
scallops/9_bacon-wrapped_scallops_with_chili_butter_hostedLargeUrl.jpg,scallops
scallops/38_seared_white_wine_scallops_hostedLargeUrl.jpg,scallops
grilled_cheese_sandwich/21_chicken_bacon_ranch_grilled_cheese_sandwich_hostedLargeUrl.jpg,grilled_cheese_sandwich
grilled_cheese_sandwich/38_pumpkin_grilled_cheese_sandwich_hostedLargeUrl.jpg,grilled_cheese_sandwich
grilled_cheese_sandwich/31_not_your_moms_grilled_cheese_sandwiches_hostedLargeUrl.jpg,grilled_cheese_sandwich
grilled_cheese_sandwich/17_grilled_cheese_sandwich_with_garlic_confit_and_baby_arugula_hostedLargeUrl.jpg,grilled_cheese_sandwich
grilled_cheese_sandwich/24_ultimate_grilled_cheese_sandwich_hostedLargeUrl.jpg,grilled_cheese_sandwich
grilled_cheese_sandwich/36_awesome_grilled_cheese_sandwiches_hostedLargeUrl.jpg,grilled_cheese_sandwich
grilled_cheese_sandwich/45_green_goddess_grilled_cheese_sandwich_hostedLargeUrl.jpg,grilled_cheese_sandwich
greek_salad/6_greek_salad_hostedLargeUrl.jpg,greek_salad
greek_salad/31_cucumber_greek_salad_hostedLargeUrl.jpg,greek_salad
greek_salad/39_greek_salad_hostedLargeUrl.jpg,greek_salad
greek_salad/23_greek_salad_hostedLargeUrl.jpg,greek_salad
greek_salad/9_easy_greek_salad_hostedLargeUrl.jpg,greek_salad
greek_salad/7_chopped_greek_salad_hostedLargeUrl.jpg,greek_salad
ravioli/4_toasted_ravioli_hostedLargeUrl.jpg,ravioli
ravioli/43_toasted_ravioli_hostedLargeUrl.jpg,ravioli
ravioli/21_fried_ravioli_hostedLargeUrl.jpg,ravioli
ravioli/18_tomato_ravioli_hostedLargeUrl.jpg,ravioli
ravioli/19_neapolitan_ravioli_hostedLargeUrl.jpg,ravioli
ravioli/20_fried_ravioli_with_spicy_marinara_hostedLargeUrl.jpg,ravioli
ravioli/34_crockpot_ravioli_hostedLargeUrl.jpg,ravioli
lobster_bisque/23_lobster_bisque_hostedLargeUrl.jpg,lobster_bisque
lobster_bisque/7_lobster_bisque_hostedLargeUrl.jpg,lobster_bisque
lobster_bisque/14_lobster_bisque_hostedLargeUrl.jpg,lobster_bisque
lobster_bisque/40_crockpot_lobster_bisque_hostedLargeUrl.jpg,lobster_bisque
lobster_bisque/2_lobster_bisque_hostedLargeUrl.jpg,lobster_bisque
lobster_bisque/21_langostino_lobster_bisque_hostedLargeUrl.jpg,lobster_bisque
pancakes/18_japanese_pancakes_hostedLargeUrl.jpg,pancakes
pancakes/37_african_pancakes_hostedLargeUrl.jpg,pancakes
pancakes/12_japanese_style_pancakes_hostedLargeUrl.jpg,pancakes
pancakes/7_churro_pancakes_hostedLargeUrl.jpg,pancakes
pancakes/35_cinnamon_roll_pancakes_hostedLargeUrl.jpg,pancakes
pancakes/38_vegetable_pancakes_hostedLargeUrl.jpg,pancakes
pancakes/15_gma_s_featherlight_pancakes_hostedLargeUrl.jpg,pancakes
spring_rolls/38_triangle_spring_rolls_hostedLargeUrl.jpg,spring_rolls
spring_rolls/34_bacon_lettuce_tomato_(blt)_spring_roll_hostedLargeUrl.jpg,spring_rolls
spring_rolls/7_chicken_spring_roll_hostedLargeUrl.jpg,spring_rolls
spring_rolls/49_natto_spring_rolls_hostedLargeUrl.jpg,spring_rolls
spring_rolls/37_minted_quinoa_spring_rolls_with_toasted_cashews_and_tahini_hostedLargeUrl.jpg,spring_rolls
spring_rolls/45_veggie_spring_rolls_with_sweet_chili_sauce_hostedLargeUrl.jpg,spring_rolls
spring_rolls/13_vegan_spring_rolls_hostedLargeUrl.jpg,spring_rolls
bread_pudding/18_slow_cooker_bread_pudding_hostedLargeUrl.jpg,bread_pudding
bread_pudding/27_pumpkin_bread_pudding_hostedLargeUrl.jpg,bread_pudding
bread_pudding/19_mini_bread_puddings_hostedLargeUrl.jpg,bread_pudding
bread_pudding/42_bread_pudding_hostedLargeUrl.jpg,bread_pudding
bread_pudding/48_chocolate_bread_pudding_hostedLargeUrl.jpg,bread_pudding
bread_pudding/41_butterscotch_bread_pudding_hostedLargeUrl.jpg,bread_pudding
poutine/44_pulled_pork_poutine_hostedLargeUrl.jpg,poutine
poutine/9_real_poutine_hostedLargeUrl.jpg,poutine
poutine/36_mushroom_poutine_hostedLargeUrl.jpg,poutine
poutine/6_poutine_hostedLargeUrl.jpg,poutine
poutine/10_poutine_hostedLargeUrl.jpg,poutine
poutine/21_southern_poutine_hostedLargeUrl.jpg,poutine
ramen/20_miso_ramen_hostedLargeUrl.jpg,ramen
ramen/0_shoyu_ramen_hostedLargeUrl.jpg,ramen
ramen/25_turkey_ramen_hostedLargeUrl.jpg,ramen
ramen/19_easy_ramen_hostedLargeUrl.jpg,ramen
ramen/35_shiitake_and_scallion_ramen_hostedLargeUrl.jpg,ramen
ramen/38_shoyu_ramen_hostedLargeUrl.jpg,ramen
omelette/42_spanish_omelette_hostedLargeUrl.jpg,omelette
omelette/38_15_mins_veggie_omelette_hostedLargeUrl.jpg,omelette
omelette/28_spanish_omelette_hostedLargeUrl.jpg,omelette
omelette/32_japanese_omelette_hostedLargeUrl.jpg,omelette
omelette/39_omelet_in_a_cup_hostedLargeUrl.jpg,omelette
omelette/47_1_egg_tamagoyaki_(japanese_omelette)_hostedLargeUrl.jpg,omelette
risotto/46_simple_risotto_with_pesto_hostedLargeUrl.jpg,risotto
risotto/43_butternut_squash_risotto_hostedLargeUrl.jpg,risotto
risotto/10_gourmet_mushroom_risotto_hostedLargeUrl.jpg,risotto
risotto/44_spring_risotto_hostedLargeUrl.jpg,risotto
risotto/39_risotto_parmesan_hostedLargeUrl.jpg,risotto
risotto/45_spinach_artichoke_risotto_bites_hostedLargeUrl.jpg,risotto
french_onion_soup/19_french_onion_soup_hostedLargeUrl.jpg,french_onion_soup
french_onion_soup/39_slow_cooker_french_onion_soup_hostedLargeUrl.jpg,french_onion_soup
french_onion_soup/24_slow_cooker_french_onion_soup_hostedLargeUrl.jpg,french_onion_soup
french_onion_soup/30_vegetarian_french_onion_soup_hostedLargeUrl.jpg,french_onion_soup
french_onion_soup/46_french_onion_soup_hostedLargeUrl.jpg,french_onion_soup
french_onion_soup/36_traditional_french_onion_soup_hostedLargeUrl.jpg,french_onion_soup
french_onion_soup/43_french_onion_soup_hostedLargeUrl.jpg,french_onion_soup
prime_rib/24_prime_rib_soup_hostedLargeUrl.jpg,prime_rib
prime_rib/40_smoked_prime_rib__perfecting_the_reverse_sear_hostedLargeUrl.jpg,prime_rib
prime_rib/13_classic_prime_rib_hostedLargeUrl.jpg,prime_rib
prime_rib/41_perfect_prime_rib_hostedLargeUrl.jpg,prime_rib
prime_rib/19_cooking_a_prime_rib_roast_hostedLargeUrl.jpg,prime_rib
prime_rib/3_prime_rib_hostedLargeUrl.jpg,prime_rib
baby_back_ribs/29_dry_rubbed_baby_back_ribs_hostedLargeUrl.jpg,baby_back_ribs
baby_back_ribs/22_saucy_baby_back_ribs_hostedLargeUrl.jpg,baby_back_ribs
baby_back_ribs/8_crockpot_babyback_ribs_hostedLargeUrl.jpg,baby_back_ribs
baby_back_ribs/19_baby_back_ribs_hostedLargeUrl.jpg,baby_back_ribs
baby_back_ribs/45_lilikoi_baby_back_ribs_hostedLargeUrl.jpg,baby_back_ribs
baby_back_ribs/5_easy_baby_back_ribs_hostedLargeUrl.jpg,baby_back_ribs
dumplings/0_italian_dumplings_hostedLargeUrl.jpg,dumplings
dumplings/1_dumplings_hostedLargeUrl.jpg,dumplings
dumplings/19_how_to_make_pork_dumplings_hostedLargeUrl.jpg,dumplings
dumplings/46_hobak_mandu_(zucchini_dumplings)_hostedLargeUrl.jpg,dumplings
dumplings/8_chicken_and_biscuit_dumplings_hostedLargeUrl.jpg,dumplings
dumplings/30_classic_chinese_dumplings_hostedLargeUrl.jpg,dumplings
sushi/30_salmon_poke_sushi_tacos_hostedLargeUrl.jpg,sushi
sushi/45_tempura_shrimp_sushi_burritos_hostedLargeUrl.jpg,sushi
sushi/5_veggie_sushi_hostedLargeUrl.jpg,sushi
sushi/10_futomaki_sushi_hostedLargeUrl.jpg,sushi
sushi/7_homemade_sushi_cake_hostedLargeUrl.jpg,sushi
sushi/44_paleo_sushi_rolls_hostedLargeUrl.jpg,sushi
chicken_quesadilla/4_classic_breakfast_chicken_quesadilla_hostedLargeUrl.jpg,chicken_quesadilla
chicken_quesadilla/20_bbq_chicken___avocado_quesadillas_hostedLargeUrl.jpg,chicken_quesadilla
chicken_quesadilla/15_chicken_quesadillas_hostedLargeUrl.jpg,chicken_quesadilla
chicken_quesadilla/25_quick_chicken_quesadillas_hostedLargeUrl.jpg,chicken_quesadilla
chicken_quesadilla/7_easy_chicken_quesadillas_hostedLargeUrl.jpg,chicken_quesadilla
chicken_quesadilla/27_chicken_quesadillas_hostedLargeUrl.jpg,chicken_quesadilla
chicken_quesadilla/36_cheesy_chicken_quesadillas_hostedLargeUrl.jpg,chicken_quesadilla
breakfast_burrito/5_breakfast_burrito_hostedLargeUrl.jpg,breakfast_burrito
breakfast_burrito/40_our_favorite_breakfast_burritos_hostedLargeUrl.jpg,breakfast_burrito
breakfast_burrito/43_ultimate_breakfast_burrito_hostedLargeUrl.jpg,breakfast_burrito
breakfast_burrito/47_bacon___egg_breakfast_burritos_hostedLargeUrl.jpg,breakfast_burrito
breakfast_burrito/38_southwest_breakfast_burritos_-_freezer_friendly_hostedLargeUrl.jpg,breakfast_burrito
breakfast_burrito/37_whole_wheat_breakfast_burritos_hostedLargeUrl.jpg,breakfast_burrito
gnocchi/17_rustic_comfort_gnocchi_hostedLargeUrl.jpg,gnocchi
gnocchi/8_parisian_gnocchi_souffle_hostedLargeUrl.jpg,gnocchi
gnocchi/46_potato_gnocchi_with_peas_and_prosciutto_hostedLargeUrl.jpg,gnocchi
gnocchi/9_lemon_gnocchi_with_peas___spinach_hostedLargeUrl.jpg,gnocchi
"gnocchi/5_toasted_gnocchi_with_mushrooms,_basil_and_parmesan_hostedLargeUrl.jpg",gnocchi
gnocchi/12_crispy_gnocchi_with_pistachio_pesto._hostedLargeUrl.jpg,gnocchi
gnocchi/34_gnocchi_with_bacon_and_dates_hostedLargeUrl.jpg,gnocchi
garlic_bread/3_garlic_bread_hostedLargeUrl.jpg,garlic_bread
garlic_bread/10_simple_garlic_bread_hostedLargeUrl.jpg,garlic_bread
garlic_bread/0_homemade_three_cheese_garlic_bread_hostedLargeUrl.jpg,garlic_bread
garlic_bread/8_garlic_bread_hostedLargeUrl.jpg,garlic_bread
garlic_bread/25_leek_and_roasted_garlic_focaccia_bread_hostedLargeUrl.jpg,garlic_bread
garlic_bread/20_pull_apart_garlic_bread_hostedLargeUrl.jpg,garlic_bread
garlic_bread/6_hasselback_garlic_cheesy_bread_hostedLargeUrl.jpg,garlic_bread
donuts/1_easy_homemade_glazed_donuts_hostedLargeUrl.jpg,donuts
donuts/23_copycat_krispy_kreme_glazed_doughnuts_hostedLargeUrl.jpg,donuts
donuts/29_homemade_glazed_donuts_hostedLargeUrl.jpg,donuts
donuts/6_pioneer_woman_s_glazed_donuts_hostedLargeUrl.jpg,donuts
donuts/33_coffee_cake_donuts_hostedLargeUrl.jpg,donuts
donuts/35_glazed_donuts_hostedLargeUrl.jpg,donuts
waffles/17_classic_waffles_hostedLargeUrl.jpg,waffles
waffles/3_amazing_waffles!_hostedLargeUrl.jpg,waffles
waffles/20_the_best_waffles_hostedLargeUrl.jpg,waffles
waffles/25_waffles_hostedLargeUrl.jpg,waffles
waffles/36_freezable_banana_waffles_hostedLargeUrl.jpg,waffles
waffles/27_the_best_waffles_hostedLargeUrl.jpg,waffles
waffles/38_strawberry_waffles_hostedLargeUrl.jpg,waffles
fried_rice/17_fried_rice_hostedLargeUrl.jpg,fried_rice
fried_rice/15_chinese_restaurant_fried_rice_hostedLargeUrl.jpg,fried_rice
fried_rice/34_fried_rice_ii_hostedLargeUrl.jpg,fried_rice
fried_rice/23_pineapple_fried_rice_hostedLargeUrl.jpg,fried_rice
fried_rice/21_special_fried_rice_hostedLargeUrl.jpg,fried_rice
fried_rice/30_spring_veggie_fried_rice-vegetarian_meatless_monday_hostedLargeUrl.jpg,fried_rice
baklava/25_balkan_(bosnian)_baklava_hostedLargeUrl.jpg,baklava
baklava/40_how_to_make_baklava_hostedLargeUrl.jpg,baklava
baklava/3_baklava_hostedLargeUrl.jpg,baklava
baklava/14_baklava_hostedLargeUrl.jpg,baklava
baklava/45_easy_baklava_hostedLargeUrl.jpg,baklava
baklava/44_baklava_hostedLargeUrl.jpg,baklava
baklava/49_baklava_hostedLargeUrl.jpg,baklava
tuna_tartare/4_tuna_avocado_tartare_hostedLargeUrl.jpg,tuna_tartare
tuna_tartare/41_tuna_tartar_hostedLargeUrl.jpg,tuna_tartare
tuna_tartare/23_tuna_tartare_with_belgian_endive_leaves_hostedLargeUrl.jpg,tuna_tartare
tuna_tartare/6_tuna_tartare_hostedLargeUrl.jpg,tuna_tartare
tuna_tartare/35_wasabi_ahi_tuna_tartare_hostedLargeUrl.jpg,tuna_tartare
panna_cotta/42_indulgent_panna_cotta_hostedLargeUrl.jpg,panna_cotta
panna_cotta/9_panna_cotta_hostedLargeUrl.jpg,panna_cotta
panna_cotta/47_layered_coffee_panna_cotta_hostedLargeUrl.jpg,panna_cotta
panna_cotta/34_vanilla_panna_cotta_with_balsamic_strawberries_hostedLargeUrl.jpg,panna_cotta
"panna_cotta/36_ginger,_gin_and_rhubarb_panna_cotta_hostedLargeUrl.jpg",panna_cotta
panna_cotta/1_coffee_panna_cotta_hostedLargeUrl.jpg,panna_cotta
pizza/1_smores_chocolate_pizza_hostedLargeUrl.jpg,pizza
pizza/41_mediterranean_pizza_hostedLargeUrl.jpg,pizza
pizza/10_cowboy_pizza_hostedLargeUrl.jpg,pizza
pizza/0_cauliflower_crust_pizza_hostedLargeUrl.jpg,pizza
pizza/5_cheesesteak_pizza_hostedLargeUrl.jpg,pizza
pizza/30_bubble_pizza_hostedLargeUrl.jpg,pizza
pizza/25_chocolate_pizza_hostedLargeUrl.jpg,pizza
pho/24_vietnamese_chicken_noodle_soup_-_pho_ga_-_chicken_pho_hostedLargeUrl.jpg,pho
pho/19_vietnamese_pho_soup_hostedLargeUrl.jpg,pho
pho/23_pho_bo_(vietnamese_beef_noodle_soup)_hostedLargeUrl.jpg,pho
pho/41_vegetarian_pho_from_scratch_(with_optional_beef_for_the_meat-eaters)_hostedLargeUrl.jpg,pho
pho/32_vietnamese_chicken_noodle_soup__pho_ga_hostedLargeUrl.jpg,pho
pho/7_pho_hostedLargeUrl.jpg,pho
pulled_pork_sandwich/9_slow_cooker_pulled_pork_sandwiches_hostedLargeUrl.jpg,pulled_pork_sandwich
pulled_pork_sandwich/25_slow_cooker_mustard_barbecued_pulled_pork_sandwiches_with_grapefruit_coleslaw_hostedLargeUrl.jpg,pulled_pork_sandwich
pulled_pork_sandwich/48_slow-cooker_pulled_jerk_pork_sandwiches_hostedLargeUrl.jpg,pulled_pork_sandwich
pulled_pork_sandwich/44_pulled_pork_sandwiches_hostedLargeUrl.jpg,pulled_pork_sandwich
pulled_pork_sandwich/14_grilled_jalapeno_popper_pulled_pork_sandwiches_hostedLargeUrl.jpg,pulled_pork_sandwich
pulled_pork_sandwich/45_slow_cooker_memphis_style_pulled_pork_sandwiches_hostedLargeUrl.jpg,pulled_pork_sandwich
pulled_pork_sandwich/49_slow-simmered_pulled_pork_sandwiches_hostedLargeUrl.jpg,pulled_pork_sandwich
edamame/30_sriracha_lime_edamame_hostedLargeUrl.jpg,edamame
edamame/47_gochujang_glazed_edamame_hostedLargeUrl.jpg,edamame
edamame/31_lemon_edamame_hummus_hostedLargeUrl.jpg,edamame
edamame/12_chipotle_lime_edamame_hostedLargeUrl.jpg,edamame
edamame/20_edamame_hummus_hostedLargeUrl.jpg,edamame
edamame/41_crispy_roasted_edamame_hostedLargeUrl.jpg,edamame
bibimbap/38_30_minute_korean_bibimbap_hostedLargeUrl.jpg,bibimbap
bibimbap/16_vegetarian_korean_bibimbap_bowls_hostedLargeUrl.jpg,bibimbap
bibimbap/14_bibimbap_hostedLargeUrl.jpg,bibimbap
bibimbap/5_bibimbap_hostedLargeUrl.jpg,bibimbap
bibimbap/10_bibimbap_hostedLargeUrl.jpg,bibimbap
bibimbap/2_bibimbap_hostedLargeUrl.jpg,bibimbap
bibimbap/0_bibimbap_hostedLargeUrl.jpg,bibimbap
bruschetta/8_bruschetta_hostedLargeUrl.jpg,bruschetta
bruschetta/44_bruschetta_hostedLargeUrl.jpg,bruschetta
bruschetta/29_caramelized_tomato_bruschetta_hostedLargeUrl.jpg,bruschetta
bruschetta/7_bruschetta_hostedLargeUrl.jpg,bruschetta
bruschetta/5_bruschetta_hostedLargeUrl.jpg,bruschetta
bruschetta/28_easy_bruschetta_hostedLargeUrl.jpg,bruschetta
bruschetta/15_vegan_pesto_bruschetta_hostedLargeUrl.jpg,bruschetta
hot_dog/20_fancy_hot_dogs_hostedLargeUrl.jpg,hot_dog
hot_dog/10_french_onion_hot_dogs_hostedLargeUrl.jpg,hot_dog
hot_dog/14_grilled_hot_dogs_with_sauerkraut_hostedLargeUrl.jpg,hot_dog
hot_dog/41_sriracha_guacamole_hot_dogs_hostedLargeUrl.jpg,hot_dog
hot_dog/37_pastrami_hot_dogs_hostedLargeUrl.jpg,hot_dog
hot_dog/15_pizza_hot_dogs_hostedLargeUrl.jpg,hot_dog
hot_dog/49_buffalo_wing_hot_dogs_hostedLargeUrl.jpg,hot_dog
spaghetti_carbonara/11_spaghetti_carbonara_hostedLargeUrl.jpg,spaghetti_carbonara
spaghetti_carbonara/49_spaghetti_carbonara_hostedLargeUrl.jpg,spaghetti_carbonara
spaghetti_carbonara/26_spaghetti_carbonara_hostedLargeUrl.jpg,spaghetti_carbonara
spaghetti_carbonara/28_spaghetti_carbonara_hostedLargeUrl.jpg,spaghetti_carbonara
spaghetti_carbonara/31_healthier_spaghetti_carbonara_hostedLargeUrl.jpg,spaghetti_carbonara
spaghetti_carbonara/21_spaghetti_carbonara_hostedLargeUrl.jpg,spaghetti_carbonara
spaghetti_carbonara/7_spaghetti_carbonara_hostedLargeUrl.jpg,spaghetti_carbonara
chocolate_mousse/0_chocolate_mousse_hostedLargeUrl.jpg,chocolate_mousse
chocolate_mousse/37_easy_chocolate_mousse_hostedLargeUrl.jpg,chocolate_mousse
chocolate_mousse/21_dark_chocolate_mousse_hostedLargeUrl.jpg,chocolate_mousse
chocolate_mousse/19_boozy_dark_chocolate_mousse_hostedLargeUrl.jpg,chocolate_mousse
chocolate_mousse/35_simple_chocolate_mousse_hostedLargeUrl.jpg,chocolate_mousse
chocolate_mousse/9_chocolate_avocado_mousse_hostedLargeUrl.jpg,chocolate_mousse
chocolate_mousse/48_chocolate_mousse_hostedLargeUrl.jpg,chocolate_mousse
filet_mignon/37_hickory_plank_grilled_filet_mignon_hostedLargeUrl.jpg,filet_mignon
filet_mignon/14_filet_mignon_with_red_wine_sauce_hostedLargeUrl.jpg,filet_mignon
filet_mignon/29_pan_seared_filet_mignon_hostedLargeUrl.jpg,filet_mignon
filet_mignon/26_steakhouse_filet_mignon_hostedLargeUrl.jpg,filet_mignon
filet_mignon/47_classic_bacon-wrapped_filet_mignon_hostedLargeUrl.jpg,filet_mignon
filet_mignon/2_filets_mignons_with_shallots_hostedLargeUrl.jpg,filet_mignon
caesar_salad/18_ultimate_vegetarian_caesar_salad_hostedLargeUrl.jpg,caesar_salad
caesar_salad/24_vegan_caesar_salad_hostedLargeUrl.jpg,caesar_salad
caesar_salad/28_chicken_caesar_salad_hostedLargeUrl.jpg,caesar_salad
caesar_salad/47_warm_scallop_caesar_salad_hostedLargeUrl.jpg,caesar_salad
caesar_salad/40_chicken_caesar_einkorn_pasta_salad_hostedLargeUrl.jpg,caesar_salad
caesar_salad/6_chicken_caesar_salad_hostedLargeUrl.jpg,caesar_salad
caesar_salad/26_blt_caesar_salad_hostedLargeUrl.jpg,caesar_salad
lobster_roll_sandwich/8_lure_fishbar_s_lobster_roll_hostedLargeUrl.jpg,lobster_roll_sandwich
lobster_roll_sandwich/24_build_the_ultimate_lobster_blt_hostedLargeUrl.jpg,lobster_roll_sandwich
lobster_roll_sandwich/10_low-fat_lobster_rolls_hostedLargeUrl.jpg,lobster_roll_sandwich
seaweed_salad/44_ahi_tuna_poke_and_mango_salad_hostedLargeUrl.jpg,seaweed_salad
seaweed_salad/11_sesame_seaweed_salad_hostedLargeUrl.jpg,seaweed_salad
seaweed_salad/30_green_superfood_salad_hostedLargeUrl.jpg,seaweed_salad
seaweed_salad/13_wakame_seaweed_salad_hostedLargeUrl.jpg,seaweed_salad
"seaweed_salad/24_soba_salad_with_seaweed,_cucumbers,_and_asparagus_hostedLargeUrl.jpg",seaweed_salad
seaweed_salad/7_utagawa_kuniyoshi__wakame_seaweed_salad_hostedLargeUrl.jpg,seaweed_salad
french_toast/26_french_toast_in_french_style_hostedLargeUrl.jpg,french_toast
french_toast/19_caramel_french_toast_hostedLargeUrl.jpg,french_toast
french_toast/39_cinnamon_swirl_french_toast_hostedLargeUrl.jpg,french_toast
french_toast/44_baked_french_toast_hostedLargeUrl.jpg,french_toast
french_toast/4_french_toast_hostedLargeUrl.jpg,french_toast
french_toast/38_cinnamony_french_toast_hostedLargeUrl.jpg,french_toast
french_toast/13_overnight_french_toast_hostedLargeUrl.jpg,french_toast
caprese_salad/41_caprese_stack_salad_hostedLargeUrl.jpg,caprese_salad
caprese_salad/1_caprese_salad_hostedLargeUrl.jpg,caprese_salad
caprese_salad/39_italian_caprese_chopped_salad_hostedLargeUrl.jpg,caprese_salad
caprese_salad/34_caprese_salad_for_a_crowd_hostedLargeUrl.jpg,caprese_salad
caprese_salad/13_caprese_salad_hostedLargeUrl.jpg,caprese_salad
caprese_salad/46_easy_caprese_salad_hostedLargeUrl.jpg,caprese_salad
caprese_salad/14_caprese_salad_hostedLargeUrl.jpg,caprese_salad
chocolate_ice_cream/38_chocolate_ice_cream_hostedLargeUrl.jpg,chocolate_ice_cream
chocolate_ice_cream/37_jeni_s_milkiest_chocolate_ice_cream_hostedLargeUrl.jpg,chocolate_ice_cream
chocolate_ice_cream/18_very_chocolate_ice_cream_hostedLargeUrl.jpg,chocolate_ice_cream
chocolate_ice_cream/36_chocolate_ice_cream_hostedLargeUrl.jpg,chocolate_ice_cream
chocolate_ice_cream/43_chocolate_ice_cream_hostedLargeUrl.jpg,chocolate_ice_cream
chocolate_ice_cream/27_basic_chocolate_ice_cream_hostedLargeUrl.jpg,chocolate_ice_cream
chocolate_ice_cream/9_chocolate_ice_cream_hostedLargeUrl.jpg,chocolate_ice_cream
takoyaki/7_perfect_crisp_takoyaki_batter_hostedLargeUrl.jpg,takoyaki
takoyaki/3_our_family_s_osaka-style_takoyaki_with_creamy_insides_hostedLargeUrl.jpg,takoyaki
